{"cameraMode":{"drawMode":0,"name":"Shaded","section":"Shading Mode"},"sceneLighting":false,"audioPlay":false,"sceneViewState":{"m_AlwaysRefresh":false,"showFog":true,"showSkybox":true,"showFlares":true,"showImageEffects":true,"showParticleSystems":true,"showVisualEffectGraphs":true,"m_FxEnabled":true},"in2DMode":false,"pivot":{"x":95.03813934326172,"y":2.6141655445098879,"z":-21.35340690612793},"rotation":{"x":-0.007530403323471546,"y":-0.7977942824363709,"z":0.009732991456985474,"w":-0.6028038263320923},"size":54.22453308105469,"orthographic":false}