{"cameraMode":{"drawMode":0,"name":"Shaded","section":"Shading Mode"},"sceneLighting":true,"audioPlay":false,"sceneViewState":{"m_AlwaysRefresh":false,"showFog":true,"showSkybox":true,"showFlares":true,"showImageEffects":true,"showParticleSystems":true,"showVisualEffectGraphs":true,"m_FxEnabled":true},"in2DMode":false,"pivot":{"x":12.45715045928955,"y":5.165344715118408,"z":0.6909151077270508},"rotation":{"x":-0.028273621574044229,"y":0.9343809485435486,"z":-0.07614053785800934,"w":-0.34692901372909548},"size":0.5400710701942444,"orthographic":false}